name,brand,class,subclass,mechanism,route,half_life_hr_min,half_life_hr_max,protein_binding_pct,bioavailability_pct,renal_excretion_pct,primary_enzyme,secondary_enzymes,narrow_ti,max_daily_dose_mg,therapeutic_range,monitoring,pregnancy_cat,food_effect,contraindications,notes
warfarin,Coumadin|Jantoven,anticoagulant,vitamin K antagonist,"Inhibits VKORC1, reducing active vitamin K for clotting factors II, VII, IX, X",oral,36,42,99,93,2,CYP2C9,CYP3A4|CYP1A2,True,15,INR 2.0-3.0 (general); 2.5-3.5 (mechanical valves),"INR weekly until stable, then monthly|Signs of bleeding",X,Vitamin K (leafy greens) antagonizes effect — maintain consistent intake. Grapefruit irrelevant.,active bleeding|pregnancy|uncontrolled hypertension,CYP2C9 *2/*3 polymorphisms reduce metabolism → need lower dose
heparin,Heparin Sodium,anticoagulant,unfractionated heparin,"Activates antithrombin III, inhibiting thrombin and Xa",IV|subcutaneous,1,2,80,100,10,,,True,,aPTT 60-100s or anti-Xa 0.3-0.7 IU/mL,aPTT q6h initially|Platelets for HIT (days 4-14)|CBC,C,None,,HIT risk — monitor platelets. Protamine reversal available.
rivaroxaban,Xarelto,anticoagulant,direct Xa inhibitor,"Direct inhibition of factor Xa, no antithrombin required",oral,5,9,92,66,36,CYP3A4,P-gp,True,30,Anti-Xa 0.5-2.0 IU/mL (not routinely monitored),Renal function annually|Bleeding signs,C,15mg/20mg doses must be taken WITH food (fat increases absorption 39%). 10mg can be taken without food.,,Avoid if CrCl <15. P-gp and CYP3A4 inhibitors increase exposure.
apixaban,Eliquis,anticoagulant,direct Xa inhibitor,Direct inhibition of factor Xa,oral,8,15,87,50,27,CYP3A4,P-gp,True,20,Not routinely monitored,Renal function|Bleeding,C,Can be taken with or without food,,Andexanet alfa reversal available.
amlodipine,Norvasc,antihypertensive,calcium channel blocker (dihydropyridine),Blocks L-type calcium channels in vascular smooth muscle → vasodilation,oral,30,50,97,64,3,CYP3A4,,False,10,BP <130/80 mmHg,BP|Heart rate|Peripheral edema,C,"Grapefruit juice inhibits intestinal CYP3A4 → Cmax +35%, AUC +40%. Avoid entirely.",,Long half-life → once daily dosing. Minimal negative inotropy vs non-DHP CCBs.
lisinopril,Prinivil|Zestril,antihypertensive,ACE inhibitor,Inhibits angiotensin-converting enzyme → reduces angiotensin II,oral,12,12,0,25,90,,,False,40,BP <130/80 mmHg,"BP|Renal function (Cr, K+) at 1-2 weeks after start|Cough",D,"Potassium-rich foods (bananas, oranges) may increase hyperkalemia risk",,Reduce dose in CrCl <30. Contraindicated in pregnancy (teratogenic). ACE cough in 10-15%.
enalapril,Vasotec,antihypertensive,ACE inhibitor,Prodrug → enalaprilat inhibits ACE,oral|IV,11,11,50,60,88,,,False,40,BP <130/80 mmHg,BP|Cr|K+,D,Food delays Tmax but does not affect AUC,,Requires renal activation. Monitor K+ especially with K-sparing diuretics.
losartan,Cozaar,antihypertensive,ARB,Blocks AT1 angiotensin II receptor,oral,6,9,99,33,13,CYP2C9,CYP3A4,False,100,BP <130/80,BP|K+|Cr,D,AUC reduced ~10% with high-fat meal — clinically insignificant,,Active metabolite EXP3174 is more potent. Less cough than ACEi.
metoprolol,Lopressor|Toprol-XL,antihypertensive,beta-1 selective blocker,Selectively blocks beta-1 adrenergic receptors,oral|IV,3,7,12,50,5,CYP2D6,,False,400,Resting HR 55-65 bpm,HR|BP|Bronchospasm in asthma,C,Food increases AUC ~40% for immediate release — take with food for consistency,,CYP2D6 PMs have 4-5x higher concentrations. Taper on discontinuation.
atenolol,Tenormin,antihypertensive,beta-1 selective blocker,Selective beta-1 adrenergic blockade,oral,6,9,3,50,85,,,False,100,HR 55-65 bpm,HR|BP|Renal function,D,Food reduces Cmax 20% but AUC unchanged,,"Hydrophilic — renal excretion, reduce dose in renal impairment. Less CNS effects than propranolol."
carvedilol,Coreg,antihypertensive,non-selective beta blocker + alpha-1 blocker,Non-selective beta + alpha-1 blockade → combined vasodilation + HR reduction,oral,6,10,98,25,2,CYP2D6,CYP2C9,False,100,"HR 55-65 bpm, BP <130/80",HR|BP|Fluid retention,C,Take WITH food to slow absorption and reduce orthostatic hypotension risk,,First-line for heart failure. Significant first-pass effect. CYP2D6 PMs have higher exposure.
digoxin,Lanoxin,cardiac glycoside,inotrope/antiarrhythmic,Inhibits Na+/K+-ATPase → increased intracellular Ca++ → positive inotropy,oral|IV,36,48,25,70,70,,P-gp,True,0.375,0.5-0.9 ng/mL (HF); 0.5-2.0 ng/mL (AF rate control),"Digoxin level (6-8hr post-dose)|K+, Mg++, Ca++|ECG|Renal function",C,High-fiber meal reduces absorption 25%. Take consistently relative to meals.,,"P-gp substrate — many interactions. Hypokalemia potentiates toxicity. Signs: nausea, yellow-green halos."
amiodarone,Cordarone|Pacerone,antiarrhythmic,class III,"Blocks K+ channels → prolongs action potential. Also blocks Na+, Ca++, beta",oral|IV,1200,2400,96,50,0,CYP3A4,CYP2C8|CYP2D6,True,400,1.0-2.5 mg/L (not routinely used),TFTs q6mo|LFTs q6mo|CXR annually|PFTs if symptomatic|Ophthalmology|Thyroid,D,Grapefruit increases levels. Take consistently.,,40-55 day half-life. Inhibits CYP2C9 → warfarin 35-65% dose reduction. Iodine-rich — thyroid toxicity.
spironolactone,Aldactone,diuretic,potassium-sparing / aldosterone antagonist,"Competitive aldosterone antagonist → Na+ excretion, K+ retention",oral,1.5,2,90,90,50,CYP3A4,,False,400,"Clinical response (BP, K+)",K+|Cr|BP|Gynecomastia,D,Take WITH food — improves absorption and reduces GI upset,,Hyperkalemia risk with ACEi/ARBs/K+ supplements. Active metabolite canrenone.
furosemide,Lasix,diuretic,loop diuretic,Inhibits Na+/K+/2Cl- cotransporter in thick ascending loop of Henle,oral|IV,2,2,99,47,88,,,False,600,"Clinical response (diuresis, BP)",K+|Cr|Electrolytes|Volume status|Hearing (high doses),C,Food delays absorption; AUC reduced ~30%. Take on empty stomach for acute diuresis.,,High-dose ototoxicity risk especially with aminoglycosides. Monitor K+ — hypokalemia common.
hydrochlorothiazide,Microzide|HydroDIURIL,diuretic,thiazide,Inhibits NaCl cotransporter in distal convoluted tubule,oral,6,15,40,65,95,,,False,50,BP <130/80,K+|Na+|Glucose|Uric acid|Lipids,D,Take in morning with food to avoid nocturia,,"Hypokalemia, hyperuricemia, hyperglycemia risks. Less effective if CrCl <30."
atorvastatin,Lipitor,lipid-lowering,HMG-CoA reductase inhibitor (statin),Competitive inhibition of HMG-CoA reductase → reduces cholesterol synthesis,oral,14,14,98,12,2,CYP3A4,,False,80,LDL-C target per cardiovascular risk,"LFTs at baseline, 12 weeks, then annually|CK if myopathy symptoms|Lipid panel q3-12mo",X,Grapefruit juice increases AUC 2-fold. Avoid large amounts (>1 quart/day).,,Can be taken any time of day. Rhabdomyolysis risk with CYP3A4 inhibitors.
simvastatin,Zocor,lipid-lowering,HMG-CoA reductase inhibitor (statin),Competitive inhibition of HMG-CoA reductase,oral,1.9,1.9,95,5,13,CYP3A4,,False,40,LDL-C target,LFTs|CK if myopathy,X,Take in EVENING — cholesterol synthesis is highest at night. Grapefruit contraindicated.,,80mg dose associated with high myopathy risk — FDA limits use. Strong CYP3A4 inhibitors → rhabdomyolysis.
rosuvastatin,Crestor,lipid-lowering,HMG-CoA reductase inhibitor (statin),Competitive inhibition of HMG-CoA reductase,oral,19,19,88,20,28,CYP2C9,OATP1B1,False,40,LDL-C target,LFTs|CK|Renal function,X,"Can be taken any time of day, with or without food",,Less CYP3A4 interaction than atorvastatin/simvastatin. Asian patients may need lower doses.
pravastatin,Pravachol,lipid-lowering,HMG-CoA reductase inhibitor (statin),Competitive inhibition of HMG-CoA reductase,oral,1.5,2,50,18,20,,OATP1B1,False,80,LDL-C target,LFTs|CK,X,Food reduces Cmax but not AUC. Take at bedtime.,,Lowest CYP interaction of all statins. Preferred in drug interaction-prone patients.
metformin,Glucophage|Glumetza,antidiabetic,biguanide,"Activates AMPK → reduces hepatic gluconeogenesis, improves insulin sensitivity",oral,6,7,0,55,90,,,False,3000,FPG <130 mg/dL; HbA1c <7%,"HbA1c q3mo initially, then q6-12mo|Renal function annually (CrCl)|B12 q1-2yr",B,"Take WITH food (breakfast, dinner) — reduces GI side effects. Food reduces Cmax 25% but improves tolerability.",,"Hold for IV contrast, surgery. Lactic acidosis risk if CrCl<30. Reduces B12 absorption."
glipizide,Glucotrol,antidiabetic,sulfonylurea,Closes K-ATP channels in pancreatic beta cells → insulin release,oral,2,5,99,90,91,CYP2C9,,False,40,FPG <130 mg/dL,Blood glucose|HbA1c|Signs of hypoglycemia,C,Take 30 minutes BEFORE meals. Food delays and reduces absorption significantly.,,Hypoglycemia risk especially in elderly/renal impairment. CYP2C9 interactions with fluconazole.
sitagliptin,Januvia,antidiabetic,DPP-4 inhibitor,Inhibits DPP-4 → increases GLP-1 and GIP → glucose-dependent insulin release,oral,12,12,38,87,79,,,False,100,HbA1c <7%,HbA1c|Renal function|Signs of pancreatitis,C,Can be taken with or without food,,Reduce dose in renal impairment: 50mg if CrCl 30-50; 25mg if CrCl<30.
empagliflozin,Jardiance,antidiabetic,SGLT-2 inhibitor,Inhibits SGLT-2 in proximal tubule → glucose excretion in urine,oral,12,13,86,78,54,,UGT1A3|UGT2B7,False,25,HbA1c <7%,eGFR|Volume status|UTI/genital infections|DKA signs,C,"Can be taken with or without food, in the morning",,Cardiovascular and renal protection independent of glucose lowering. Hold before major surgery.
insulin_glargine,Lantus|Basaglar|Toujeo,antidiabetic,long-acting insulin analogue,Binds insulin receptor → facilitates glucose uptake into cells; suppresses gluconeogenesis/lipolysis,subcutaneous,24,24,0,70,5,,,True,,FBG 80-130 mg/dL (ADA target); HbA1c <7%,Blood glucose (fasting daily)|HbA1c q3mo initially|Hypoglycemia signs|Injection site lipohypertrophy,B,Subcutaneous injection — no food interaction. Consistent carbohydrate intake important for dose stability.,hypoglycemia episode (hold dose),"Do not mix with other insulins. Rotate injection sites. Hypoglycemia risk increases with alcohol, beta-blockers (mask signs), ACE inhibitors. Brand-to-brand switch requires dose retitration."
levothyroxine,Synthroid|Levoxyl|Tirosint,thyroid hormone,synthetic T4,"Replaces endogenous T4, converted to active T3 in peripheral tissues",oral,168,192,99.9,75,0,,,True,0.5,TSH 0.5-4.5 mIU/L; T4 5.0-12.0 mcg/dL,"TSH q6-8 weeks after dose change, then annually|HR|BP",A,"CRITICAL: Take 30-60 min BEFORE breakfast on EMPTY STOMACH. Calcium, iron, coffee, soy all reduce absorption by 20-40%. Separate 4+ hours from calcium/iron supplements.",,"Interacts with calcium, iron, antacids (chelation), cholestyramine, sucralfate. Consistent brand important."
amoxicillin,Amoxil,antibiotic,aminopenicillin,Inhibits bacterial cell wall synthesis by binding PBPs,oral|IV,1,1.5,17,89,60,,,False,3000,MIC dependent,Signs of allergic reaction|Renal function|C. diff if prolonged,B,Can be taken with or without food. Food delays absorption but not extent.,,Penicillin allergy cross-reactivity 1-10%. Time-dependent bactericidal activity.
ciprofloxacin,Cipro,antibiotic,fluoroquinolone,Inhibits DNA gyrase and topoisomerase IV → DNA strand breaks,oral|IV,4,6,20,70,45,CYP1A2,,False,1500,MIC dependent,Tendon pain (Achilles)|QT interval if cardiac risk|Blood glucose in diabetics,C,"Dairy products (Ca++, Mg++) and antacids chelate and reduce absorption 50-90%. Take 2 hours before or 6 hours after calcium-containing products.",,"Strong CYP1A2 inhibitor — warfarin, theophylline, clozapine levels increase. Tendinopathy risk."
azithromycin,Zithromax|Z-Pak,antibiotic,macrolide,Binds 50S ribosomal subunit → inhibits protein synthesis,oral|IV,68,68,51,37,6,CYP3A4,,False,2000,MIC dependent,QT interval|LFTs if prolonged|Cardiac monitoring in at-risk patients,B,Tablets: take with or without food. Suspension: 1hr before or 2hr after meals.,,QT prolongation risk — avoid with other QT-prolonging agents. Long tissue half-life.
clarithromycin,Biaxin,antibiotic,macrolide,Binds 50S ribosomal subunit → inhibits protein synthesis,oral,3,7,70,50,40,CYP3A4,,False,1000,MIC dependent,"QT interval|LFTs|CYP3A4 substrate levels (statins, digoxin)",C,Take with food — reduces GI upset,,STRONG CYP3A4 mechanism-based inhibitor — effect persists days after stopping. Increases simvastatin/atorvastatin → rhabdomyolysis. Digoxin levels increase.
doxycycline,Vibramycin|Doxy-100,antibiotic,tetracycline,Binds 30S ribosomal subunit → inhibits protein synthesis,oral|IV,18,22,93,93,40,,,False,400,MIC dependent,Photosensitivity|GI tolerance|Dental staining in children,D,"Take WITH food/milk to reduce esophageal irritation. Dairy, antacids, iron chelate — separate 2+ hours.",,Photosensitivity — use sunscreen. Avoid in children <8 (dental staining). GERD-like symptoms common.
metronidazole,Flagyl,antibiotic,nitroimidazole,Reduced to toxic radical by anaerobic organisms → DNA strand breaks,oral|IV|topical,6,8,20,99,60,CYP3A4,CYP2C9,False,4000,MIC dependent,CBC for prolonged courses|Peripheral neuropathy,B,Take WITH food to reduce nausea,,DISULFIRAM-LIKE reaction with alcohol — absolute prohibition during and 48hr after course. Inhibits CYP2C9 → warfarin toxicity.
fluconazole,Diflucan,antifungal,triazole,Inhibits fungal 14-α-demethylase (CYP51) → ergosterol depletion,oral|IV,30,30,11,94,80,CYP3A4,CYP2C9|CYP2C19,False,800,Clinical response,"LFTs|QT interval|Drug interactions (warfarin, phenytoin, statins)",D,Can be taken with or without food,,"STRONG CYP2C9 inhibitor (warfarin dose reduce 50%), CYP3A4 inhibitor. QT prolongation at high doses."
sertraline,Zoloft,antidepressant,SSRI,Selective serotonin reuptake inhibitor,oral,26,26,99,44,12,CYP2C19,CYP2D6|CYP3A4,False,200,Clinical response,Suicidal ideation (first 4 weeks)|Serotonin syndrome signs|Hyponatremia in elderly,C,Take with food to improve bioavailability and reduce nausea. Bioavailability increases 30% with food.,,"Serotonin syndrome risk with MAOIs, tramadol, triptans. Discontinuation syndrome if stopped abruptly."
fluoxetine,Prozac,antidepressant,SSRI,Selective serotonin reuptake inhibitor,oral,24,72,94,72,11,CYP2D6,CYP2C9|CYP3A4,False,80,Clinical response,Suicidal ideation|Serotonin syndrome,C,Can be taken with or without food,,Norfluoxetine active metabolite t1/2 = 4-16 days. Significant CYP2D6 inhibitor. Long washout needed before MAOI.
escitalopram,Lexapro,antidepressant,SSRI,Selective serotonin reuptake inhibitor — S-enantiomer of citalopram,oral,27,32,56,80,8,CYP2C19,CYP3A4,False,20,Clinical response,QT interval (dose-dependent)|Hyponatremia,C,Can be taken with or without food,,QT prolongation at high doses. Max 10mg in hepatic impairment or elderly.
alprazolam,Xanax,anxiolytic,benzodiazepine,Positive allosteric modulator of GABA-A receptors → CNS depression,oral,11,15,80,92,4,CYP3A4,,True,10,Lowest effective dose,Sedation|Respiratory depression|Dependence potential,D,Can be taken with or without food. Grapefruit increases levels significantly.,,High dependence risk. Taper slowly — withdrawal can be life-threatening. Avoid alcohol.
phenytoin,Dilantin,anticonvulsant,hydantoin,Blocks voltage-gated sodium channels in neuronal membranes,oral|IV,20,60,90,90,5,CYP2C9,CYP2C19,True,600,Total 10-20 mcg/mL; Free 1-2 mcg/mL,Phenytoin level 2 weeks post-change|CBC annually|Gingival hyperplasia|Nystagmus,D,Enteral feeds reduce absorption — hold feeds 2hr before/after. Consistent food intake important.,,Non-linear (saturable) kinetics — small dose changes → large level changes. Induces CYP3A4/2C9.
levetiracetam,Keppra,anticonvulsant,pyrrolidine,Binds SV2A synaptic vesicle protein → modulates neurotransmitter release,oral|IV,6,8,10,100,66,,,False,3000,12-46 mcg/mL (not routinely monitored),Renal function|Mood/behavioral changes|CBC,C,Can be taken with or without food. Food reduces Cmax slightly but not AUC.,,Minimal drug interactions (no CYP metabolism). Dose reduce in renal impairment. Irritability common.
salbutamol,Ventolin|ProAir|Albuterol,bronchodilator,short-acting beta-2 agonist (SABA),Beta-2 adrenergic agonist → bronchial smooth muscle relaxation,inhaled|oral|IV,5,6,10,15,69,,,False,32,"Clinical response (peak flow, symptoms)",HR|K+ (high doses cause hypokalemia)|Tremor,C,Inhaled: no food effect. Oral: food delays absorption.,,PRN use for acute bronchospasm. Frequent use (>2x/week) indicates poor control — reassess therapy.
montelukast,Singulair,antiasthmatic,leukotriene receptor antagonist,Blocks CysLT1 receptors → reduces bronchoconstriction and inflammation,oral,2.7,5.5,99,64,0,CYP3A4,CYP2C9,False,10,Clinical response,"Neuropsychiatric events (mood changes, suicidality — FDA warning)",B,Take in EVENING (allergic rhinitis/asthma). Standard tablet: no food effect. Chewable: avoid for 1hr after.,,FDA boxed warning for neuropsychiatric events. Reserve for when ICS preferred but not tolerated.
omeprazole,Prilosec,GI agent,proton pump inhibitor (PPI),Irreversibly inhibits H+/K+-ATPase (proton pump) in gastric parietal cells,oral|IV,1,1.5,97,53,20,CYP2C19,CYP3A4,False,40,Symptom resolution; gastric pH >4,Mg++ (long-term)|Bone density (long-term)|C. diff risk|B12,C,Take 30-60 min BEFORE eating (breakfast preferred). Acid needed to activate. Food reduces absorption if taken simultaneously.,,Irreversible — effect lasts days despite short half-life. CYP2C19 PM have 3-5x exposure. Reduces clopidogrel activation.
pantoprazole,Protonix,GI agent,proton pump inhibitor (PPI),Irreversibly inhibits H+/K+-ATPase,oral|IV,1,1.9,98,77,71,CYP2C19,CYP3A4,False,80,Clinical response,Mg++|Bone density long-term,C,Take 30-60 min before meal. Food does not significantly affect AUC.,,Fewer CYP interactions than omeprazole — preferred if on clopidogrel.
ondansetron,Zofran,antiemetic,5-HT3 receptor antagonist,Blocks serotonin 5-HT3 receptors centrally and peripherally → antiemesis,oral|IV|IM,3,6,70,60,5,CYP3A4,CYP1A2|CYP2D6,False,32,Clinical response,QT interval (dose-dependent — max 16mg IV),B,Can be taken with or without food,,QT prolongation — avoid in hepatic impairment >8mg IV. Serotonin syndrome risk with SSRIs (rare).
ibuprofen,Advil|Motrin,NSAID,propionic acid derivative,Non-selective COX-1/COX-2 inhibitor → reduced prostaglandin synthesis,oral|topical|IV,1.8,2,99,87,45,CYP2C9,,False,3200,Clinical response,BP|Renal function|GI bleeding signs|CBC,C (D in 3rd trimester),Take WITH food or milk — reduces GI irritation. Does not affect absorption.,,Renal prostaglandin inhibition → AKI risk. Avoid with ACEi/ARBs/diuretics. Antihypertensive interference.
naproxen,Aleve|Naprosyn,NSAID,propionic acid,Non-selective COX inhibitor,oral,12,17,99,95,95,CYP2C9,,False,1500,Clinical response,BP|Renal function|GI bleeding,C (D in 3rd trimester),Take WITH food or milk,,Longer half-life than ibuprofen → twice daily dosing. Same GI/renal risks as all NSAIDs.
celecoxib,Celebrex,NSAID,selective COX-2 inhibitor,Selective COX-2 inhibition → reduced prostaglandin synthesis with less COX-1 effect,oral,11,11,97,40,27,CYP2C9,,False,800,Clinical response,BP|Renal function|Cardiac events|GI symptoms,C (D 3rd trimester),Food increases absorption ~20%. Can be taken with or without food.,,Less GI bleeding vs non-selective NSAIDs. Still renal and cardiovascular risk. CYP2C9 substrate.
allopurinol,Zyloprim,antigout,xanthine oxidase inhibitor,Inhibits xanthine oxidase → reduced uric acid synthesis,oral,24,30,0,90,70,,,False,800,Serum urate <6 mg/dL,Uric acid level|LFTs|CBC|Renal function|Hypersensitivity (DRESS),C,Take WITH food to reduce GI upset. Take AFTER meals.,,Azathioprine/6-MP interaction — xanthine oxidase inhibition → mercaptopurine toxicity (reduce dose 75%). HLA-B*5801 screening in Asian patients.
alendronate,Fosamax,bone agent,bisphosphonate,Inhibits osteoclast-mediated bone resorption,oral,2160,2160,78,0.6,50,,,False,40,Bone density improvement (DEXA),"DEXA q2yr|Ca++, Vitamin D levels|Jaw pain (osteonecrosis)|Atypical femur fractures",C,"CRITICAL: Take with FULL GLASS of water (240mL), EMPTY STOMACH, 30 min before any food/drink/medication. REMAIN UPRIGHT 30 min after. Any food reduces absorption >90%.",,Esophageal irritation/ulceration if not taken correctly. Weekly dosing preferred for adherence.
calcium_carbonate,Tums|Caltrate,mineral supplement,calcium salt,Provides elemental calcium for bone mineralization; antacid,oral,,,0,40,20,,,False,2500,Serum Ca++ 8.5-10.5 mg/dL,Serum Ca++|Renal function,A,Take WITH food — requires gastric acid for absorption. Calcium citrate can be taken without food.,,"Chelates levothyroxine, fluoroquinolones, iron, bisphosphonates — separate 2-4 hours. Constipation common."
theophylline,Theo-Dur|Uniphyl,bronchodilator,methylxanthine,Inhibits phosphodiesterase → increased cAMP; adenosine antagonism,oral|IV,8,10,40,90,10,CYP1A2,CYP3A4,True,1200,5-15 mcg/mL (asthma); 8-13 mcg/mL (COPD),Theophylline level (steady state 48-72hr)|HR|Seizure threshold,C,High-fat meals may increase AUC for sustained-release formulations. Coffee/caffeine additive toxicity.,,"CYP1A2 inducers (smoking, rifampicin) dramatically reduce levels. Fluoroquinolones increase levels. Narrow TI."
prednisolone,Prelone|Delta-Cortef,corticosteroid,glucocorticoid,Binds glucocorticoid receptors → anti-inflammatory gene expression changes,oral|IV|IM,3,3.5,70,82,30,CYP3A4,,False,1000,Clinical response; minimize to lowest effective dose,Blood glucose|BP|K+|Bone density (long-term)|Ophthalmology (cataracts)|Growth in children,C,Take WITH food to reduce GI irritation,,HPA axis suppression with prolonged use — taper slowly. Adrenal crisis risk if stopped abruptly.
azathioprine,Imuran,immunosuppressant,purine analogue,Prodrug → 6-MP → inhibits purine synthesis → lymphocyte proliferation suppression,oral|IV,5,5,30,88,50,,TPMT|XO,True,5,Clinical response (lymphocyte counts),"CBC weekly for 8 weeks, then monthly|LFTs|TPMT genotype before starting",D,Take WITH food to reduce nausea,,CRITICAL: Allopurinol inhibits xanthine oxidase → 6-MP accumulation → fatal myelosuppression. TPMT testing essential.
cyclosporine,Neoral|Sandimmune|Gengraf,immunosuppressant,calcineurin inhibitor,Binds cyclophilin → inhibits calcineurin → reduced IL-2 transcription → T-cell suppression,oral|IV,27,27,90,30,0,CYP3A4,P-gp,True,,Trough: 100-400 ng/mL (transplant-type/time dependent),Cyclosporine trough q1-2 weeks|Cr|BP|K+|LFTs|CBC|Gingival hyperplasia,C,Consistent food intake essential — high-fat meal increases AUC. Grapefruit increases levels significantly.,,"Extreme drug interaction profile (CYP3A4/P-gp). Nephrotoxic. Hypertension, hyperlipidemia common."
hydroxychloroquine,Plaquenil,antimalarial/antirheumatic,aminoquinoline,Alkalinizes lysosomes → inhibits antigen processing; anti-inflammatory,oral,480,720,50,74,22,CYP2D6,CYP3A4,False,400,Clinical response (RA/SLE),Ophthalmology annually (retinopathy)|QT interval|CBC,C,Take WITH food or milk — reduces GI effects,,Retinopathy risk with cumulative dose >5 mg/kg/day. QT prolongation. Safe in pregnancy for lupus.
morphine,MS Contin|MSIR|Morphine Sulphate,opioid analgesic,full mu-opioid agonist,"Binds mu-opioid receptors in CNS and periphery → analgesia, sedation, euphoria",oral|IV|IM|subcutaneous,2,4,35,30,90,UGT2B7,,True,,Pain control (VAS ≤3); avoid respiratory depression,Respiratory rate|Pain scores|Sedation scale|Constipation|Opioid withdrawal,C,Extended-release: do not crush or chew. Food increases Cmax for IR formulation slightly.,severe respiratory depression|paralytic ileus|acute asthma,Active metabolite morphine-6-glucuronide (M6G) accumulates in renal failure — reduce dose or increase interval. Naloxone reversal available.
codeine,Tylenol with Codeine|Codeine Phosphate,opioid analgesic,prodrug opioid,Prodrug → O-demethylation by CYP2D6 → morphine (active) → mu-opioid receptor agonism,oral|IM,3,4,7,60,70,CYP2D6,CYP3A4,True,360,Analgesia without excess sedation,Respiratory rate|Sedation|CYP2D6 phenotype,C,Can be taken with food to reduce GI upset,,CYP2D6 ultra-rapid metabolizers (URM): life-threatening morphine toxicity. CONTRAINDICATED in children post-tonsillectomy and breastfeeding. PM: no analgesic effect.
tramadol,Ultram|Tramal,opioid analgesic,atypical opioid + NRI/SRI,Weak mu-opioid agonism + serotonin/norepinephrine reuptake inhibition,oral|IV|IM,6,7,20,75,30,CYP2D6,CYP3A4,False,400,Analgesic effect; avoid serotonin syndrome,Serotonin syndrome signs|Seizure risk|CYP2D6 phenotype,C,Can be taken with or without food,,Serotonin syndrome risk with SSRIs/SNRIs/MAOIs. Lowers seizure threshold. CYP2D6 inhibitors reduce analgesic efficacy.
fentanyl,Duragesic|Sublimaze|Fentora,opioid analgesic,synthetic opioid,Potent mu-opioid receptor agonist; high lipophilicity → rapid CNS entry,IV|transdermal|sublingual|nasal,3,7,84,92,10,CYP3A4,,True,,Analgesic; avoid respiratory depression,Respiratory rate|Sedation|Patch site (transdermal)|QTc,C,"Transdermal: heat (fever, electric blanket) increases absorption 3x — avoid. Sublingual: do not eat/drink for 15 min.",acute or severe bronchial asthma|opioid non-tolerant patients (high-strength patches),100x more potent than morphine. Transdermal takes 12-24hr to reach steady state. CYP3A4 inhibitors dramatically increase levels.
oxycodone,OxyContin|Percocet|Roxicodone,opioid analgesic,semi-synthetic opioid,Mu-opioid receptor agonist,oral,4,5,45,60,19,CYP3A4,CYP2D6,True,,Analgesia without respiratory depression,Respiratory rate|Abuse potential assessment|Hepatic function (combo with APAP),C,High-fat meal increases Cmax 25% for ER formulation. IR: take with or without food.,,ER formulation: do not crush/chew (dose dumping risk). Combination products contain paracetamol — monitor total APAP dose.
haloperidol,Haldol,antipsychotic,typical (first-generation) antipsychotic,D2 receptor antagonism in mesolimbic pathway,oral|IM|IV,18,36,92,60,40,CYP3A4,CYP2D6,False,100,Serum: 5-20 ng/mL (optional TDM),EPS (AIMS scale)|QTc interval|Metabolic panel|Prolactin if symptomatic,C,Take with food to reduce GI effects. Oral solution: dilute in water or juice.,,Highest EPS risk of all antipsychotics. QT prolongation. Avoid IV route due to arrhythmia risk. Depot (decanoate) available for adherence.
olanzapine,Zyprexa,antipsychotic,atypical (second-generation) antipsychotic,"D2, 5-HT2A, H1, M1, alpha-1 antagonism",oral|IM,30,38,93,80,57,CYP1A2,UGT1A4,False,20,Plasma: 20-80 ng/mL (TDM guided),Weight/BMI monthly|Fasting glucose/HbA1c|Lipids|BP|EPS (less common),C,Can be taken with or without food,,"High metabolic side effect profile (weight gain, T2DM, dyslipidaemia). Smoking induces CYP1A2 — smokers need higher dose; dose reduction on smoking cessation."
quetiapine,Seroquel,antipsychotic,atypical antipsychotic,"D2, 5-HT2A, H1, alpha-1 antagonism; lower D2 affinity than haloperidol",oral,6,7,83,9,73,CYP3A4,,False,800,Plasma: 100-500 ng/mL,Weight|Metabolic panel|QTc|Sedation|Orthostatic BP,C,Food increases Cmax 25-52% — take consistently (always with or always without food).,,Low EPS risk. QT prolongation. Strong sedation (H1). CYP3A4 inducers (carbamazepine) dramatically reduce levels — may need 5x dose increase.
risperidone,Risperdal,antipsychotic,atypical antipsychotic,"D2 and 5-HT2A antagonism; also alpha-1, H1",oral|IM depot,20,24,90,70,70,CYP2D6,CYP3A4,False,16,Plasma: 20-60 ng/mL (risperidone + 9-OH-risperidone),EPS/akathisia|Prolactin|Weight|Metabolic panel|QTc,C,Can be taken with or without food,,"CYP2D6 PMs: higher risperidone, less 9-OH-risperidone; similar clinical effect but adjust for tolerability. Depot (Risperdal Consta) q2wk."
clozapine,Clozaril,antipsychotic,atypical antipsychotic (dibenzodiazepine),"D4 > D2 antagonism; 5-HT2, H1, M1, alpha antagonism; superior efficacy in treatment-resistant schizophrenia",oral,12,16,97,60,50,CYP1A2,CYP3A4|CYP2D6,True,900,Plasma trough: 350-600 ng/mL,"ANC weekly for 6 months, then bi-weekly, then monthly (agranulocytosis)|Weight|Glucose|Lipids|BP|ECG",B,Can be taken with or without food,history of clozapine-induced agranulocytosis|uncontrolled epilepsy|severe CNS depression,REMS program required. Agranulocytosis risk — absolute neutrophil count monitoring mandatory. Myocarditis risk in first 4 weeks. Smoking cessation dramatically increases levels (CYP1A2).
acyclovir,Zovirax,antiviral,nucleoside analogue (herpes),Thymidine kinase phosphorylation → acyclovir triphosphate inhibits HSV/VZV DNA polymerase,oral|IV|topical,2.5,3.5,15,20,90,,,False,4000,Clinical response (HSV/VZV suppression),Renal function (IV — crystals can precipitate)|Hydration|CBC in immunosuppressed,B,Can be taken with or without food. Adequate hydration required (especially IV — prevents crystalluria).,,IV: hydrate well to prevent tubular crystallization. Dose reduce if CrCl <50. Valacyclovir is oral prodrug with 3-5x better bioavailability.
valacyclovir,Valtrex,antiviral,nucleoside analogue prodrug (herpes),Prodrug of acyclovir; L-valine ester → better oral bioavailability → same mechanism as acyclovir,oral,2.5,3.5,15,55,90,,,False,3000,Clinical response,Renal function|Hydration,B,Can be taken with or without food,,Preferred oral formulation over acyclovir for bioavailability. Dose reduce if CrCl <50.
oseltamivir,Tamiflu,antiviral,neuraminidase inhibitor (influenza),Inhibits influenza neuraminidase → prevents viral release from infected cells,oral,6,10,3,80,90,,,False,150,Initiated within 48hr of symptom onset for efficacy,Renal function (dose adjust if CrCl <30)|Neuropsychiatric symptoms (children),C,Take with food to reduce nausea/vomiting,,Must start within 48hr of onset. Dose reduce for CrCl 10-30: 75mg once daily. Suspicion in pediatrics for neuropsychiatric events.
tenofovir,Viread|TDF,antiviral,NRTI (HIV/HBV),Nucleotide reverse transcriptase inhibitor → competitive inhibition of HIV-1 RT and HBV polymerase,oral,12,18,0.7,39,80,,,False,300,Undetectable HIV VL; HBV suppression,Renal function (tubular toxicity)|Bone mineral density|Phosphate|HIV VL|HBV DNA,B,High-fat meal increases AUC 40% — take consistently with or without food.,,Fanconi syndrome risk (proximal tubular dysfunction). BMD loss — calcium/Vit D supplementation. TDF replaced by TAF (lower renal/bone toxicity) in many settings.
emtricitabine,Emtriva|FTC,antiviral,NRTI (HIV/HBV),Cytidine analogue NRTI → inhibits HIV-1 reverse transcriptase and HBV polymerase,oral,10,10,4,93,70,,,False,200,Undetectable HIV VL,Renal function|HIV VL|HBV status before discontinuation (flare risk),B,Can be taken with or without food,,Usually co-formulated with TDF as Truvada or with TAF as Descovy. HBV flare if stopped in HBV co-infected — do not discontinue without HBV plan.
carbamazepine,Tegretol|Carbatrol,anticonvulsant,sodium channel blocker,Inhibits voltage-gated Na+ channels → stabilizes neuronal membranes; also reduces glutamate release,oral,25,65,76,85,3,CYP3A4,CYP2C8,True,1600,4-12 mg/L (epilepsy); 4-8 mg/L (mood),Carbamazepine level (at steady state 2-4wk)|CBC (aplastic anemia)|LFTs|Na+ (SIADH)|HLA-B*1502 screening (Asian patients — SJS risk),D,Take WITH food to reduce GI upset. Grapefruit increases levels significantly.,bone marrow suppression|concurrent MAOIs|HLA-B*1502 positive (SJS risk in Asians),"POTENT CYP3A4, CYP2C9, CYP1A2 INDUCER — reduces levels of oral contraceptives, warfarin, statins, many others. Autoinduction (induces own metabolism — t1/2 shortens from 65hr initially to 25hr at steady state). SJS/TEN risk — HLA-B*1502 test in at-risk populations."
valproate,Depakene|Depakote|Epilim,anticonvulsant,fatty acid anticonvulsant / mood stabilizer,"Na+ channel inhibition, GABA transaminase inhibition (↑ GABA), histone deacetylase inhibition",oral|IV,9,16,90,100,3,CYP2C9,UGT|Beta-oxidation,True,3000,50-100 mg/L (general); 50-125 mg/L (mania),Valproate level|LFTs (hepatotoxicity)|Platelets/CBC|Ammonia (hyperammonemia)|Fetal monitoring (teratogen),X,Take WITH food to reduce GI upset. Enteric-coated formulation reduces GI side effects.,"hepatic disease|urea cycle disorders|pregnancy (teratogen — neural tube defects, cognitive impairment)","TERATOGEN — neural tube defects (2-3%), cognitive impairment in children. Contraindicated in women of childbearing potential unless no alternative. Inhibits CYP2C9 → increases lamotrigine, phenobarbital. Carbapenems dramatically reduce valproate levels."
lamotrigine,Lamictal,anticonvulsant,sodium channel blocker / glutamate inhibitor,Inhibits voltage-gated Na+ channels; reduces glutamate/aspartate release,oral,25,33,55,98,90,UGT1A4,,True,500,3-14 mg/L,Lamotrigine level|Skin rash (SJS/TEN — especially if dose escalated too fast)|Seizure frequency,C,Can be taken with or without food,,"SJS risk — SLOW titration mandatory (start 25mg, double q2wk). Valproate doubles lamotrigine level — reduce dose 50%. Carbamazepine/phenytoin halve lamotrigine level. OCP reduces lamotrigine level 50% — adjust on initiation/cessation."
lithium,Eskalith|Lithobid,mood stabilizer,alkali metal ion,"Inositol monophosphatase inhibition → affects intracellular signaling; modulates GSK-3β, serotonin/dopamine release",oral,18,36,0,100,100,,,True,2400,0.6-1.2 mEq/L (maintenance); 0.8-1.2 mEq/L (acute mania); toxic >1.5 mEq/L,Lithium level (12hr post-dose) q3-6mo|Renal function (GFR — lithium nephrotoxicity)|Thyroid (hypothyroidism)|Ca++ (hyperparathyroidism)|ECG (T-wave changes),D,Take with food/milk to reduce GI upset. MAINTAIN CONSISTENT SODIUM INTAKE — low-sodium diet causes lithium retention → toxicity. Dehydration causes toxicity.,severe renal impairment|severe cardiovascular disease,"CRITICAL: NSAIDs, thiazides, ACE inhibitors reduce renal lithium clearance → toxicity. Dehydration/sodium restriction → lithium toxicity. Toxicity signs: tremor, ataxia, confusion, arrhythmia. No protein binding → dialysis removes lithium in overdose."
vancomycin,Vancocin,antibiotic,glycopeptide,Inhibits cell wall synthesis by binding D-Ala-D-Ala terminus of peptidoglycan precursors,IV|oral (C. diff only),4,11,55,0,90,,,True,,AUC/MIC 400-600 (current guideline); trough 10-20 mg/L (traditional),AUC-guided TDM (preferred) or trough|Renal function (nephrotoxicity)|Audiology if prolonged (ototoxicity)|Red Man syndrome (infusion rate),C,IV only (systemic). Oral formulation for C. diff — not absorbed systemically.,hypersensitivity to vancomycin,Red Man Syndrome: infuse over ≥60 min. Nephrotoxicity synergistic with aminoglycosides. Oral vancomycin for C. diff: NOT absorbed — safe in renal impairment. MRSA drug of choice.
meropenem,Merrem,antibiotic,carbapenem,Inhibits PBPs → blocks cell wall transpeptidation → bactericidal,IV,1,1.5,2,100,70,,,False,6000,%T>MIC guided dosing; extended infusion preferred,Renal function (dose adjust)|Seizure threshold (especially with prior CNS disease)|Valproate level (carbapenems reduce valproate),B,IV only,,CRITICAL: Carbapenems reduce valproate serum level up to 90% within 24hr — do not combine if valproate essential. Extended infusion (3hr) recommended for MIC >2 mg/L organisms.
linezolid,Zyvox,antibiotic,oxazolidinone,Binds 23S rRNA of 50S ribosomal subunit → inhibits initiation complex formation,oral|IV,4.4,5.5,31,100,30,,,False,1200,AUC/MIC > 80-120 for MRSA,"CBC weekly (myelosuppression)|Serotonin syndrome signs|Lactic acidosis (mitochondrial toxicity, prolonged use)|Optic neuropathy (prolonged use >28 days)",C,"Can be taken with or without food. AVOID tyramine-rich foods (aged cheese, cured meats, wine) — MAOI-like reaction.",,Weak MAO inhibitor — serotonin syndrome risk with SSRIs/SNRIs/tramadol (critical DDI). Tyramine dietary restriction required. Not intended for >28-day courses without specialist review.
insulin_aspart,NovoLog|NovoRapid|Fiasp,antidiabetic,rapid-acting insulin analogue,Rapid-onset insulin receptor agonism — covers post-meal glucose excursion,subcutaneous|IV (hospital),1.5,1.5,0,70,5,,,True,,Post-prandial BG <180 mg/dL,Blood glucose before and 2hr after meals|Hypoglycemia|HbA1c,B,MUST be administered 0-15 minutes before or immediately after starting a meal. Dose based on carbohydrate content.,,Onset 10-20 min; peak 1-3hr; duration 3-5hr. High hypoglycemia risk if meal skipped after injection.
contraceptive_pill_ethinyl_estradiol,Microgynon|Yasmin|Loestrin,contraceptive,combined oral contraceptive pill,Estrogen + progestin → suppresses LH/FSH surges → inhibits ovulation; thickens cervical mucus; alters endometrium,oral,26,26,98,45,30,CYP3A4,,False,,Contraceptive effect,BP annually|Breast exam|Cervical smear|VTE risk assessment|Migraine pattern,X,Can be taken with or without food. Take at same time each day.,migraine with aura|age >35 + smoking|VTE history|estrogen-sensitive cancer|severe hypertension,"ENZYME INDUCERS (rifampicin, carbamazepine, phenytoin, St. John's Wort) reduce efficacy — use barrier method + higher-dose OCP. Lamotrigine clearance increased significantly by OCP — monitor seizure control."
testosterone,AndroGel|Testim|Depo-Testosterone,hormone,androgen,"Binds androgen receptor → promotes male secondary sexual characteristics, spermatogenesis, erythropoiesis, muscle/bone anabolism",transdermal|IM|subcutaneous implant,10,100,98,10,10,CYP3A4,,False,,Total T: 300-1000 ng/dL (morning trough),Testosterone level (morning)|Hematocrit (erythrocytosis)|PSA annually >40yr|BP|Lipids,X,Transdermal: do not apply to scrotum/damaged skin. Wash hands after. Do not shower/swim 5hr post-application.,,Erythrocytosis risk — hold if Hct >54%. Stimulates PSA — monitor prostate. Increases warfarin effect. Contraindicated in prostate/breast cancer.
levodopa_carbidopa,Sinemet|Madopar (levodopa/benserazide),antiparkinsonian,dopamine precursor,"Levodopa crosses BBB → DOPA decarboxylase → dopamine. Carbidopa inhibits peripheral DOPA decarboxylase → reduces levodopa side effects, increases CNS delivery",oral,1.5,2,10,70,70,,,False,2000,Clinical motor function; minimize dyskinesia,Motor function (UPDRS)|Orthostatic BP|Dyskinesia onset|Impulse control disorders|Nausea,C,HIGH-PROTEIN MEALS compete for absorption via large neutral amino acid transporters — take 30-60 min before or 1-2hr after protein-rich meals for maximal effect. Food reduces Cmax but protein is the key interaction.,,MAOIs (non-selective) absolutely contraindicated — hypertensive crisis. Dopamine agonists (pramipexole) added to extend honeymoon period. Wearing-off and on-off phenomena develop over time.
pramipexole,Mirapex,antiparkinsonian,dopamine agonist (D3 > D2),Direct D2/D3 receptor agonism in striatum and substantia nigra,oral,8,12,15,90,90,,,False,4.5,"Clinical effect (motor symptoms, RLS)","Impulse control disorders (gambling, hypersexuality)|Sleep attacks/somnolence (no driving)|Orthostatic BP|Edema|Hallucinations in elderly",C,Can be taken with or without food,,"Impulse control disorders in up to 17% (gambling, shopping, hypersexuality) — counsel patients and carers. Sleep attacks without warning — no driving. Renal dose adjustment if CrCl <60."
baclofen,Lioresal,muscle relaxant,GABA-B agonist,GABA-B receptor agonism → inhibits mono- and polysynaptic spinal reflexes → muscle relaxation,oral|intrathecal,3,4,30,87,85,,,False,80,Clinical spasticity control,"Sedation/drowsiness|Renal function (dose adjust)|Abrupt withdrawal (seizures, hyperthermia)",C,Take WITH food to reduce GI upset,,"NEVER stop abruptly — withdrawal can cause seizures, hyperthermia, hallucinations (especially intrathecal baclofen). Taper slowly."
tamsulosin,Flomax,urological agent,alpha-1A adrenergic antagonist,Selective alpha-1A blockade in prostate smooth muscle → relaxes bladder neck and prostate → improved urine flow,oral,9,13,94,90,76,CYP3A4,CYP2D6,False,0.8,Symptom relief (AUA symptom score),BP (orthostasis)|Intraoperative Floppy Iris Syndrome (IFIS) — warn ophthalmologist before cataract surgery,B,Take 30 min after same meal each day — food reduces peak concentration and orthostatic hypotension risk.,,Intraoperative Floppy Iris Syndrome — MUST inform surgeon before any eye surgery. Orthostatic hypotension worse with first dose. CYP3A4/2D6 inhibitors increase levels.
finasteride,Proscar (5mg BPH)|Propecia (1mg hairloss),urological agent,5-alpha reductase inhibitor,Inhibits 5-alpha reductase type II → reduces DHT → prostate size reduction / hair follicle androgen effect reduction,oral,5,6,93,80,39,CYP3A4,,False,5,Symptom relief / hair retention,PSA (finasteride reduces PSA by 50% — adjust reference range)|Sexual dysfunction|Breast tenderness,X,Can be taken with or without food,,TERATOGENIC — pregnant women must NOT handle crushed/broken tablets. PSA is halved — a PSA that appears 'normal' may be elevated when corrected. High-grade prostate cancer concern (clinical debate).
acetazolamide,Diamox,carbonic anhydrase inhibitor,diuretic / anti-glaucoma,Inhibits carbonic anhydrase → reduces aqueous humor formation (IOP reduction); also reduces CSF production; metabolic acidosis,oral|IV,10,15,90,90,90,,,False,1000,IOP <21 mmHg; altitude sickness prevention,Electrolytes (K+ loss)|Renal function|Stevens-Johnson syndrome (rare)|Kidney stones (bicarbonate loss → urine alkalosis),C,"Take WITH food to reduce GI upset. High potassium foods (bananas, oranges) recommended.",,Sulfonamide-based — cross-reactivity with sulfa allergy possible. Hypokalemia risk. Contraindicated in hepatic cirrhosis (NH3 retention). Altitude sickness prevention/treatment.
enoxaparin,Lovenox|Clexane,anticoagulant,low molecular weight heparin (LMWH),Activates antithrombin III with higher anti-Xa than anti-IIa activity → inhibits factor Xa predominantly,subcutaneous|IV,4.5,7,0,92,40,,,True,,"Anti-Xa 0.5-1.0 IU/mL (twice daily); 1.0-2.0 IU/mL (once daily, 4hr post-dose)",Anti-Xa level in renal impairment/extremes of weight/pregnancy|Platelet count (HIT less common than UFH)|Renal function,B,Subcutaneous injection — no food interaction,,"Does NOT require routine monitoring in standard-weight patients with normal renal function. Anti-Xa monitoring recommended if CrCl <30, weight <45kg or >100kg, or pregnancy. Partially reversed by protamine (not fully)."
clopidogrel,Plavix,antiplatelet,P2Y12 receptor antagonist,Prodrug → CYP2C19 activation → active thiol metabolite irreversibly inhibits P2Y12 ADP receptor on platelets → reduced platelet aggregation,oral,7,8,98,50,50,CYP2C19,CYP3A4,False,300,Platelet inhibition >40% (VerifyNow P2Y12 optional),Bleeding|CYP2C19 genotype (loss-of-function alleles → reduced efficacy)|CBC,B,Can be taken with or without food,,"CYP2C19 *2 and *3 poor metabolizers: ~30% of Asians, 2-3% of Caucasians — reduced antiplatelet effect → consider alternative (ticagrelor, prasugrel). PPIs (especially omeprazole) inhibit CYP2C19 → reduced clopidogrel activation (controversial — pantoprazole safer)."
aspirin,Aspirin|Bayer Aspirin|Ecotrin,antiplatelet / analgesic / NSAID,salicylate,Irreversibly acetylates COX-1 and COX-2 → reduced TXA2 (antiplatelet) and PGE2 (analgesic/anti-inflammatory),oral|rectal,0.3,0.3,90,68,80,,,False,4000,Antiplatelet: 75-100mg daily; Analgesic/antipyretic: 325-650mg q4-6hr; Anti-inflammatory: 2400-6000mg/day,GI symptoms (ulcer risk)|Renal function|Salicylate level if toxicity suspected|INR if on warfarin,D,Take WITH food or milk to reduce GI irritation. Enteric-coated formulation reduces direct gastric contact.,,"Reye's syndrome in children with viral illness — avoid under 16yr. Antiplatelet effect lasts platelet lifetime (7-10 days). Tinnitus is early sign of salicylate toxicity. Interacts with warfarin (bleeding), methotrexate (toxicity), ACE inhibitors (reduced effect)."
methotrexate,Rheumatrex|Trexall|Methofar,DMARD / antimetabolite,folate antagonist,Inhibits dihydrofolate reductase (DHFR) → reduces folate cofactors → inhibits DNA/RNA synthesis and purine metabolism; anti-inflammatory at low doses via adenosine pathway,oral|IM|subcutaneous|IV (oncology),3,12,50,64,80,,,True,25,Rheumatology: clinical response; Oncology: dose-dependent with leucovorin rescue,LFTs monthly (hepatotoxicity → fibrosis)|CBC monthly (myelosuppression)|Renal function|Pulmonary function (pneumonitis)|Folate supplementation,X,Can be taken with or without food. Avoid alcohol (hepatotoxicity).,pregnancy|hepatic impairment|renal impairment (accumulates)|active infection|immunodeficiency,TERATOGEN — strict contraception required during and 6 months after. Take folic acid 5mg weekly (NOT on MTX day) to reduce side effects. NSAIDs + MTX = toxicity risk (reduce renal clearance). Trimethoprim + MTX = severe myelosuppression (additive DHFR inhibition). Weekly dosing for rheumatology — NEVER daily.
budesonide,Pulmicort|Rhinocort|Symbicort (combined),corticosteroid,inhaled corticosteroid,"Binds glucocorticoid receptors → reduces airway inflammation, edema, mucus secretion",inhaled|nasal|oral (Crohn's),2,3.6,88,10,30,CYP3A4,,False,1.6,"Clinical asthma/COPD control (symptoms, exacerbations)",Height in children (growth velocity)|Adrenal suppression (high doses)|Bone density (long-term)|Oropharyngeal candidiasis,B,"Inhaled: rinse mouth after use to reduce oropharyngeal candidiasis. Oral capsule (Crohn's): swallow whole, do not crush.",,"Minimal systemic absorption vs oral steroids. CYP3A4 inhibitors (itraconazole, ritonavir) can increase systemic budesonide → adrenal suppression. Rinse mouth after inhaled use."
ipratropium,Atrovent,bronchodilator,anticholinergic / muscarinic antagonist,Competitively inhibits M1/M3 muscarinic receptors in bronchial smooth muscle → bronchodilation; reduces secretions,inhaled|nasal,2,3,0,7,60,,,False,,Clinical bronchodilation (COPD/asthma),Urinary retention (BPH)|Angle-closure glaucoma if eye contact with solution,B,Inhaled — no food interaction,,Avoid contact with eyes (nebulizer mask) — angle-closure glaucoma risk. Additive anticholinergic effects with other antimuscarinics. Less effective for acute asthma than SABA.
donepezil,Aricept,cognitive enhancer,acetylcholinesterase inhibitor,Reversible inhibition of acetylcholinesterase → increases acetylcholine in cholinergic synapses of basal forebrain → improves cognition in Alzheimer's,oral,70,80,96,100,57,CYP3A4,CYP2D6,False,23,Clinical (MMSE stabilization),"GI side effects (nausea, diarrhea)|Bradycardia/syncope|Sleep disturbances (nightmares — take in AM)",C,"Can be taken with or without food. If nightmares occur, switch to morning dosing.",,"Bradycardia/syncope — caution with sick sinus syndrome, AV block. NSAIDs risk GI bleeding with cholinesterase inhibitors. Higher dose (23mg) more GI side effects."
diazepam,Valium,anxiolytic,benzodiazepine,Positive allosteric modulator at GABA-A receptors → enhances Cl- influx → CNS depression,oral|IV|IM|rectal,20,100,98,93,70,CYP2C19,CYP3A4,False,40,Clinical anxiolysis/seizure control; avoid respiratory depression,Respiratory rate|Sedation|Dependence/withdrawal potential|Cognitive function (elderly),D,Take with food to reduce GI effects. Alcohol: ABSOLUTE AVOIDANCE — additive CNS/respiratory depression.,,Active metabolite desmethyldiazepam t1/2 = 36-200hr — accumulates in elderly. Withdrawal (after >2-4 weeks): taper slowly to prevent seizures. Flumazenil reversal. Avoid in elderly (Beers criteria).
zolpidem,Ambien|Stilnoct,sedative-hypnotic,non-benzodiazepine (Z-drug),Selective GABA-A alpha-1 subunit PAM → hypnotic with less anxiolysis/muscle relaxation than BZDs,oral,2.5,3,92,70,56,CYP3A4,CYP2C9,False,10,Clinical sleep onset,"Next-day sedation|Parasomnias (sleep-driving, sleep-eating)|Dependence potential|CYP3A4 inhibitors (double levels)",C,Take on EMPTY STOMACH — food delays onset by 1hr and reduces Cmax. Take immediately before bed.,,"Reduce dose to 5mg in women (lower clearance), elderly, hepatic impairment. Parasomnias (complex sleep behaviors) — warn patients. Not for long-term use. CYP3A4 inhibitors (ketoconazole) double levels."
venlafaxine,Effexor,antidepressant,SNRI,Serotonin and norepinephrine reuptake inhibition (NE selectivity increases at higher doses),oral,5,11,27,45,87,CYP2D6,CYP3A4,False,375,Clinical antidepressant/anxiolytic response,BP (dose-dependent hypertension — check q3mo)|Discontinuation syndrome (taper slowly)|Serotonin syndrome signs,C,Take with food to reduce nausea. Extended-release: swallow whole.,,Dose-dependent hypertension (especially >300mg) — monitor BP. Severe discontinuation syndrome — taper over weeks. Serotonin syndrome with MAOIs/tramadol. CYP2D6 inhibitors increase levels.
bupropion,Wellbutrin|Zyban (smoking cessation),antidepressant,NDRI (norepinephrine-dopamine reuptake inhibitor),Inhibits reuptake of norepinephrine and dopamine; no serotonergic activity,oral,21,21,84,87,87,CYP2B6,,False,450,Clinical antidepressant response / smoking cessation,Seizure threshold (dose-related — do not exceed 150mg per dose)|BP|Insomnia|Suicidal ideation initially,C,Take with food to reduce nausea. Extended-release: do not crush.,,"Lowers seizure threshold — CONTRAINDICATED in eating disorders (electrolyte imbalances), seizure history, concurrent CNS stimulants. No sexual dysfunction (unlike SSRIs). Strong CYP2D6 inhibitor — increases tamoxifen, tricyclics, many others."
sulfasalazine,Azulfidine,DMARD / aminosalicylate,sulfonamide-aminosalicylate conjugate,"Cleaved by colonic bacteria → mesalazine (anti-inflammatory) + sulfapyridine (immunomodulatory, DMARD component)",oral,6,10,99,20,60,NAT2,,False,3000,Clinical RA/IBD disease control,CBC (myelosuppression)|LFTs|Renal function|Folate (inhibits absorption)|G6PD before starting (hemolysis),B,Take WITH food to reduce GI side effects. Ensure adequate hydration.,,G6PD deficiency → hemolytic anemia. NAT2 slow acetylators (50% of Caucasians) higher sulfapyridine levels → more side effects. Reduces folate absorption — supplement. Orange urine/contact lens staining (warn patients).
tamoxifen,Nolvadex,antineoplastic / SERM,selective estrogen receptor modulator,Competitive estrogen receptor antagonism in breast tissue; partial agonism in uterus/bone,oral,168,168,99,100,30,CYP2D6,CYP3A4,False,40,Clinical (endoxifen level >5.97 ng/mL associated with benefit),Annual gynecology (endometrial cancer risk)|DVT/PE symptoms|Ophthalmology if visual symptoms|CYP2D6 genotype|Endoxifen level optional,D,Can be taken with or without food,pregnancy|history of DVT/PE (relative),"CYP2D6 METABOLIZES to endoxifen (active metabolite — main efficacy driver). CYP2D6 inhibitors (fluoxetine, paroxetine, bupropion) DRASTICALLY reduce endoxifen → reduced efficacy. Avoid CYP2D6 inhibitors during tamoxifen therapy. Uterine cancer risk — any abnormal bleeding requires urgent investigation. VTE risk — thromboprophylaxis if major surgery."
imatinib,Gleevec|Glivec,antineoplastic,"tyrosine kinase inhibitor (BCR-ABL, c-KIT, PDGFR)",Competitive inhibition of ATP binding site of BCR-ABL kinase → blocks CML proliferation; also inhibits c-KIT (GIST) and PDGFR,oral,18,40,95,98,13,CYP3A4,CYP2C8,False,800,Trough >1000 ng/mL (CML); clinical response,"CBC (cytopenias)|LFTs|Fluid retention/edema (pericardial, pleural)|Bone marrow response (BCR-ABL PCR)|CYP3A4 interactions",D,Take WITH food and large glass of water to reduce GI irritation,,"CYP3A4 inducers (rifampicin, carbamazepine) dramatically reduce levels — avoid or increase dose. CYP3A4 inhibitors (ketoconazole) increase levels. Fluid retention common — weigh patients regularly."
